"SUID","AverageShortestPathLength","BetweennessCentrality","ClosenessCentrality","ClusteringCoefficient","degree.layout","Eccentricity","EdgeCount","Indegree","IsSingleNode","name","NeighborhoodConnectivity","Outdegree","PartnerOfMultiEdgedNodePairs","selected","SelfLoops","shared name","Stress"
"46394","1.0","0.0","1.0","0.0","2","1","2","0","false","Digital research methods","25.5","2","0","false","0","Digital research methods","0"
"46395","0.0","0.0","0.0","0.0","20","0","20","20","false","Durable Persistent Media ","8.9","0","0","false","0","Durable Persistent Media ","0"
"46397","0.0","0.0","0.0","0.0","33","0","33","33","false","Web Crawling ","12.451612903225806","0","1","false","0","Web Crawling ","0"
"46399","1.0","0.0","1.0","0.0","1","1","1","0","false","Technology, Information en Communication (TIC) ","26.0","1","0","false","0","Technology, Information en Communication (TIC) ","0"
"46400","0.0","0.0","0.0","0.0","26","0","26","26","false","Technology Preservation","11.76923076923077","0","0","false","0","Technology Preservation","0"
"46402","1.0","0.0","1.0","0.0","2","1","2","0","false","Information science","61.0","2","0","false","0","Information science","0"
"46403","0.0","0.0","0.0","0.0","96","0","96","96","false","Searching","10.054945054945055","0","2","false","0","Searching","0"
"46406","1.0","0.0","1.0","0.0","1","1","1","0","false","Digitaal erfgoed","68.0","1","0","false","0","Digitaal erfgoed","0"
"46407","0.0","0.0","0.0","0.0","69","0","69","69","false","Preservation Metadata ","11.691176470588236","0","1","false","0","Preservation Metadata ","0"
"46409","1.0","0.0","1.0","0.0","1","1","1","0","false","Statistiek","93.0","1","0","false","0","Statistiek","0"
"46410","0.0","0.0","0.0","0.0","97","0","97","97","false","Linked Open Data","9.580645161290322","0","1","false","0","Linked Open Data","0"
"46412","1.0","0.0","1.0","0.0","1","1","1","0","false","Geografie for the arts","77.0","1","0","false","0","Geografie for the arts","0"
"46413","0.0","0.0","0.0","0.0","80","0","80","80","false","Georeferencing ","9.909090909090908","0","2","false","0","Georeferencing ","0"
"46415","1.0","0.0","1.0","0.0","1","1","1","0","false","Databeheer en statistiek voor historici","93.0","1","0","false","0","Databeheer en statistiek voor historici","0"
"46417","1.0","0.0","1.0","0.0","1","1","1","0","false","Historische methoden, Module Historische cartografie en GIS","77.0","1","0","false","0","Historische methoden, Module Historische cartografie en GIS","0"
"46419","1.0","0.0","1.0","0.0","1","1","1","0","false","Historische methoden, Module Prosopografie en sociale netwerkanalyse","37.0","1","0","false","0","Historische methoden, Module Prosopografie en sociale netwerkanalyse","0"
"46420","0.0","0.0","0.0","0.0","37","0","37","37","false","Photography","10.27027027027027","0","0","false","0","Photography","0"
"46422","1.0","0.0","1.0","0.0","1","1","1","0","false","Laguage technology","77.0","1","0","false","0","Laguage technology","0"
"46424","1.0","0.0","1.0","0.0","1","1","1","0","false","Terminologie en vertaaltechnologie","26.0","1","0","false","0","Terminologie en vertaaltechnologie","0"
"46426","1.0","0.0","1.0","0.0","1","1","1","0","false"," Archivistiek: Erfgoedbeheer en Hedendaags Documentbeheer","126.0","1","0","false","0"," Archivistiek: Erfgoedbeheer en Hedendaags Documentbeheer","0"
"46427","0.0","0.0","0.0","0.0","135","0","135","135","false","Information Retrieval","8.484126984126984","0","2","false","0","Information Retrieval","0"
"46429","1.0","0.0","1.0","0.0","1","1","1","0","false","Business informatics","126.0","1","0","false","0","Business informatics","0"
"46431","1.0","0.0","1.0","0.0","1","1","1","0","false","Corpus Linguistics","50.0","1","0","false","0","Corpus Linguistics","0"
"46432","0.0","0.0","0.0","0.0","55","0","55","55","false","Machine Learning","11.98","0","1","false","0","Machine Learning","0"
"46434","1.0","0.0","1.0","0.0","1","1","1","0","false","Language Data and Linguistic Objects","93.0","1","0","false","0","Language Data and Linguistic Objects","0"
"46436","1.0","0.0","1.0","0.0","2","1","2","0","false","Communicatiewetenschappelijk onderzoek I ","43.0","2","0","false","0","Communicatiewetenschappelijk onderzoek I ","0"
"46437","0.0","0.0","0.0","0.0","55","0","55","55","false","Browsing","11.6","0","0","false","0","Browsing","0"
"46440","1.0","0.0","1.0","0.0","1","1","1","0","false","Informatica en statistiek toegepast op de archeologie","42.0","1","0","false","0","Informatica en statistiek toegepast op de archeologie","0"
"46441","0.0","0.0","0.0","0.0","42","0","42","42","false","Open Archival Information Systems","10.30952380952381","0","0","false","0","Open Archival Information Systems","0"
"46443","1.0","0.0","1.0","0.0","1","1","1","0","false","Media Culture","20.0","1","0","false","0","Media Culture","0"
"46445","1.0","0.0","1.0","0.0","1","1","1","0","false","Introductie in de Digital Humanities","126.0","1","0","false","0","Introductie in de Digital Humanities","0"
"46447","1.0","0.0","1.0","0.0","2","1","2","0","false","Artificial Intelligence","73.0","2","0","false","0","Artificial Intelligence","0"
"46450","1.0","0.0","1.0","0.0","1","1","1","0","false","Game studies","32.0","1","0","false","0","Game studies","0"
"46451","0.0","0.0","0.0","0.0","34","0","34","34","false","Gamification","13.96875","0","1","false","0","Gamification","0"
"46453","1.0","0.0","1.0","0.0","1","1","1","0","false","Kunstmatige intelligentie","44.0","1","0","false","0","Kunstmatige intelligentie","0"
"46454","0.0","0.0","0.0","0.0","46","0","46","46","false","Pattern Recognition","12.386363636363637","0","1","false","0","Pattern Recognition","0"
"46456","1.0","0.0","1.0","0.0","1","1","1","0","false","Game and media technology","32.0","1","0","false","0","Game and media technology","0"
"46458","1.0","0.0","1.0","0.0","1","1","1","0","false","Neuroscience and cognition","65.0","1","0","false","0","Neuroscience and cognition","0"
"46459","0.0","0.0","0.0","0.0","69","0","69","69","false","Scanning","10.246153846153845","0","2","false","0","Scanning","0"
"46461","1.0","0.0","1.0","0.0","1","1","1","0","false","New media and digital culture","20.0","1","0","false","0","New media and digital culture","0"
"46463","1.0","0.0","1.0","0.0","1","1","1","0","false","Media, Art and Performance Studies","20.0","1","0","false","0","Media, Art and Performance Studies","0"
"46465","1.0","0.0","1.0","0.0","1","1","1","0","false","Utrecht data school","93.0","1","0","false","0","Utrecht data school","0"
"46467","1.0","0.0","1.0","0.0","1","1","1","0","false","Media and Information (track New Media and Digital Culture)","20.0","1","0","false","0","Media and Information (track New Media and Digital Culture)","0"
"46469","1.0","0.0","1.0","0.0","1","1","1","0","false","Digital Humanities","126.0","1","0","false","0","Digital Humanities","0"
"46471","1.0","0.0","1.0","0.0","2","1","2","0","false","Media Studies: Book and Digital Media Studies","25.5","2","0","false","0","Media Studies: Book and Digital Media Studies","0"
"46474","1.0","0.0","1.0","0.0","100","1","100","0","false","Digital Humanities1","52.233333333333334","100","22","false","0","Digital Humanities1","0"
"46476","1.0","0.0","1.0","0.0","1","1","1","0","false","Ontwikkeling, gebruik en beleid van nieuwe media","20.0","1","0","false","0","Ontwikkeling, gebruik en beleid van nieuwe media","0"
"46478","1.0","0.0","1.0","0.0","2","1","2","0","false","Advanced theoretical debates: digital media marketing","109.5","2","0","false","0","Advanced theoretical debates: digital media marketing","0"
"46481","1.0","0.0","1.0","0.0","1","1","1","0","false","Users and innovation in new media","20.0","1","0","false","0","Users and innovation in new media","0"
"46483","1.0","0.0","1.0","0.0","1","1","1","0","false","Joint Bachelor of Arts - combined course, incl. Digital Philology","45.0","1","0","false","0","Joint Bachelor of Arts - combined course, incl. Digital Philology","0"
"46484","0.0","0.0","0.0","0.0","48","0","48","48","false","Concordancing ","9.4","0","1","false","0","Concordancing ","0"
"46486","1.0","0.0","1.0","0.0","14","1","14","0","false","Master of Arts Linguistic and Literary Computing","56.57142857142857","14","0","false","0","Master of Arts Linguistic and Literary Computing","0"
"46487","0.0","0.0","0.0","0.0","45","0","45","45","false","Collocation Analysis ","10.833333333333334","0","1","false","0","Collocation Analysis ","0"
"46489","0.0","0.0","0.0","0.0","29","0","29","29","false","Commenting","11.931034482758621","0","0","false","0","Commenting","0"
"46492","0.0","0.0","0.0","0.0","121","0","121","121","false","Encoding","8.63063063063063","0","1","false","0","Encoding","0"
"46495","0.0","0.0","0.0","0.0","56","0","56","56","false","Named Entity Recognition ","11.222222222222221","0","1","false","0","Named Entity Recognition ","0"
"46498","0.0","0.0","0.0","0.0","52","0","52","52","false","POS-Tagging","9.653846153846153","0","0","false","0","POS-Tagging","0"
"46501","0.0","0.0","0.0","0.0","17","0","17","17","false","Principal Component Analysis","14.6875","0","1","false","0","Principal Component Analysis","0"
"46505","0.0","0.0","0.0","0.0","28","0","28","28","false","Sentiment Analysis ","14.23076923076923","0","1","false","0","Sentiment Analysis ","0"
"46507","0.0","0.0","0.0","0.0","65","0","65","65","false","Topic Modeling","11.303571428571429","0","2","false","0","Topic Modeling","0"
"46509","1.0","0.0","1.0","0.0","1","1","1","0","false","Computerlinguistik und Texttechnologie","45.0","1","0","false","0","Computerlinguistik und Texttechnologie","0"
"46511","1.0","0.0","1.0","0.0","1","1","1","0","false","Sprachtechnologie und Fremdsprachendidaktik","126.0","1","0","false","0","Sprachtechnologie und Fremdsprachendidaktik","0"
"46513","1.0","0.0","1.0","0.0","5","1","5","0","false","Computerlinguistk","67.6","5","0","false","0","Computerlinguistk","0"
"46518","0.0","0.0","0.0","0.0","112","0","112","112","false","Text Mining","9.35576923076923","0","2","false","0","Text Mining","0"
"46522","1.0","0.0","1.0","0.0","1","1","1","0","false","Informatique et Sciences sociales (DCISS)","126.0","1","0","false","0","Informatique et Sciences sociales (DCISS)","0"
"46524","1.0","0.0","1.0","0.0","10","1","10","0","false","Master MÃ©tiers de la Science des Patrimoines : spÃ©cialisation Â« Patrimoine Ã©crit et Ã©dition numÃ©rique Â»","81.9","10","0","false","0","Master MÃ©tiers de la Science des Patrimoines : spÃ©cialisation Â« Patrimoine Ã©crit et Ã©dition numÃ©rique Â»","0"
"46528","0.0","0.0","0.0","0.0","81","0","81","81","false","Mapping","10.506666666666666","0","2","false","0","Mapping","0"
"46536","1.0","0.0","1.0","0.0","1","1","1","0","false","Analyse et structuration des donnÃ©es historiques","31.0","1","0","false","0","Analyse et structuration des donnÃ©es historiques","0"
"46538","1.0","0.0","1.0","0.0","6","1","6","0","false","Informationsmodellierung in den Geisteswissenschaften (Information Modeling in the Humanities)","74.66666666666667","6","0","false","0","Informationsmodellierung in den Geisteswissenschaften (Information Modeling in the Humanities)","0"
"46539","0.0","0.0","0.0","0.0","8","0","8","8","false","Bit Stream Preservation ","12.375","0","0","false","0","Bit Stream Preservation ","0"
"46546","1.0","0.0","1.0","0.0","4","1","4","0","false","Zertifikat ""Digital Humanities""","48.75","4","0","false","0","Zertifikat ""Digital Humanities""","0"
"46547","0.0","0.0","0.0","0.0","47","0","47","47","false","Brainstorming","8.28888888888889","0","2","false","0","Brainstorming","0"
"46553","1.0","0.0","1.0","0.0","1","1","1","0","false","3D / VR Systeme","45.0","1","0","false","0","3D / VR Systeme","0"
"46555","1.0","0.0","1.0","0.0","1","1","1","0","false","ReprÃ¤sentation von Daten und Information - ein praktischer Einstieg in die Datenvisualisierung mit JavaScript","77.0","1","0","false","0","ReprÃ¤sentation von Daten und Information - ein praktischer Einstieg in die Datenvisualisierung mit JavaScript","0"
"46557","1.0","0.0","1.0","0.0","5","1","5","0","false","Experto en Humanidades Digitales","85.4","5","0","false","0","Experto en Humanidades Digitales","0"
"46563","1.0","0.0","1.0","0.0","1","1","1","0","false","Swiss DH Summer School","10.0","1","0","false","0","Swiss DH Summer School","0"
"46564","0.0","0.0","0.0","0.0","10","0","10","10","false","Emulation ","14.7","0","0","false","0","Emulation ","0"
"46566","1.0","0.0","1.0","0.0","3","1","3","0","false","Digital publishing","55.333333333333336","3","0","false","0","Digital publishing","0"
"46570","1.0","0.0","1.0","0.0","1","1","1","0","false","Internettechnologien I: Grundlagen des Internets","93.0","1","0","false","0","Internettechnologien I: Grundlagen des Internets","0"
"46572","1.0","0.0","1.0","0.0","3","1","3","0","false","Computergrafik mit WebGL","98.0","3","0","false","0","Computergrafik mit WebGL","0"
"46576","1.0","0.0","1.0","0.0","2","1","2","0","false","Fotografie","51.0","2","0","false","0","Fotografie","0"
"46579","1.0","0.0","1.0","0.0","9","1","9","0","false","Eva MÃ©ndez","63.44444444444444","9","0","false","0","Eva MÃ©ndez","0"
"46586","0.0","0.0","0.0","0.0","12","0","12","12","false","Sequence Alignment","16.416666666666668","0","0","false","0","Sequence Alignment","0"
"46590","1.0","0.0","1.0","0.0","4","1","4","0","false","Computerized text processing and analysis I","60.75","4","0","false","0","Computerized text processing and analysis I","0"
"46595","1.0","0.0","1.0","0.0","6","1","6","0","false","Computerized processing and text analysis II","53.0","6","0","false","0","Computerized processing and text analysis II","0"
"46596","0.0","0.0","0.0","0.0","46","0","46","46","false","Cluster Analysis ","12.261904761904763","0","1","false","0","Cluster Analysis ","0"
"46599","0.0","0.0","0.0","0.0","29","0","29","29","false","Distance Measures","13.857142857142858","0","1","false","0","Distance Measures","0"
"46604","1.0","0.0","1.0","0.0","1","1","1","0","false","Informatica en statistiek","126.0","1","0","false","0","Informatica en statistiek","0"
"46606","1.0","0.0","1.0","0.0","12","1","12","0","false","Specialisation in Digital Humanities within the MSc in Applied Computer Science","64.25","12","0","false","0","Specialisation in Digital Humanities within the MSc in Applied Computer Science","0"
"46619","1.0","0.0","1.0","0.0","4","1","4","0","false","Nouvelles technologies de lâ€™information et de la communication","87.5","4","0","false","0","Nouvelles technologies de lâ€™information et de la communication","0"
"46624","1.0","0.0","1.0","0.0","1","1","1","0","false","Digital Histories Workshop","55.0","1","0","false","0","Digital Histories Workshop","0"
"46626","1.0","0.0","1.0","0.0","8","1","8","0","false","Specialisation Course in Digital Art History","66.0","8","0","false","0","Specialisation Course in Digital Art History","0"
"46635","1.0","0.0","1.0","0.0","5","1","5","0","false","Digitale Methoden in den Altertumswissenschaften - Digital Classicist Seminar","75.0","5","0","false","0","Digitale Methoden in den Altertumswissenschaften - Digital Classicist Seminar","0"
"46641","1.0","0.0","1.0","0.0","10","1","10","0","false","Technologies numÃ©riques appliquÃ©es Ã  l'histoire","68.3","10","0","false","0","Technologies numÃ©riques appliquÃ©es Ã  l'histoire","0"
"46648","0.0","0.0","0.0","0.0","8","0","8","8","false","Migration ","16.75","0","0","false","0","Migration ","0"
"46653","1.0","0.0","1.0","0.0","17","1","17","0","false","Advanced Master in Digital Humanities","49.294117647058826","17","0","false","0","Advanced Master in Digital Humanities","0"
"46655","0.0","0.0","0.0","0.0","18","0","18","18","false","Debugging","15.944444444444445","0","0","false","0","Debugging","0"
"46677","1.0","0.0","1.0","0.0","1","1","1","0","false","Digital Humanities and Text Encoding","111.0","1","0","false","0","Digital Humanities and Text Encoding","0"
"46680","1.0","0.0","1.0","0.0","16","1","16","0","false","Undergraduate Study of Information Sciences","57.375","16","0","false","0","Undergraduate Study of Information Sciences","0"
"46697","1.0","0.0","1.0","0.0","16","1","16","0","false","Graduate Study of Information Sciences","57.375","16","0","false","0","Graduate Study of Information Sciences","0"
"46714","1.0","0.0","1.0","0.0","16","1","16","0","false","Postgraduate Doctoral Degree Course in Information Sciences","57.375","16","0","false","0","Postgraduate Doctoral Degree Course in Information Sciences","0"
"46731","1.0","0.0","1.0","0.0","9","1","9","0","false","MA Digital Humanities","82.55555555555556","9","0","false","0","MA Digital Humanities","0"
"46741","1.0","0.0","1.0","0.0","8","1","8","0","false","MSc Digital Humanities","84.125","8","0","false","0","MSc Digital Humanities","0"
"46749","0.0","0.0","0.0","0.0","35","0","35","35","false","Versioning","13.82857142857143","0","0","false","0","Versioning","0"
"46751","1.0","0.0","1.0","0.0","9","1","9","0","false","PG Certificate in Digital Humanities","82.33333333333333","9","0","false","0","PG Certificate in Digital Humanities","0"
"46761","1.0","0.0","1.0","0.0","9","1","9","0","false","PG Diploma in Digital Humanities","76.11111111111111","9","0","false","0","PG Diploma in Digital Humanities","0"
"46771","1.0","0.0","1.0","0.0","5","1","5","0","false","PhD in Digital Humanities","77.8","5","0","false","0","PhD in Digital Humanities","0"
"46777","1.0","0.0","1.0","0.0","8","1","8","0","false","MRes in Digital Humanities","80.75","8","0","false","0","MRes in Digital Humanities","0"
"46786","1.0","0.0","1.0","0.0","7","1","7","0","false","Computerlinguistik1","67.71428571428571","7","0","false","0","Computerlinguistik1","0"
"46794","1.0","0.0","1.0","0.0","1","1","1","0","false","Programmation CrÃ©ative","18.0","1","0","false","0","Programmation CrÃ©ative","0"
"46796","1.0","0.0","1.0","0.0","1","1","1","0","false","MÃ©tiers du Web","93.0","1","0","false","0","MÃ©tiers du Web","0"
"46798","1.0","0.0","1.0","0.0","7","1","7","0","false","First Level Master in Digital Humanities","73.0","7","0","false","0","First Level Master in Digital Humanities","0"
"46806","1.0","0.0","1.0","0.0","8","1","8","0","false","Digital Heritage","59.75","8","0","false","0","Digital Heritage","0"
"46836","1.0","0.0","1.0","0.0","1","1","1","0","false","A Practical introduction to ""Digital Humanities""","104.0","1","0","false","0","A Practical introduction to ""Digital Humanities""","0"
"46838","1.0","0.0","1.0","0.0","7","1","7","0","false","Introduction aux mÃ©thodes de recherche en Digital Humanities","81.42857142857143","7","0","false","0","Introduction aux mÃ©thodes de recherche en Digital Humanities","0"
"46846","1.0","0.0","1.0","0.0","2","1","2","0","false","Introduction to Digital Data and Digital Editions ","102.0","2","0","false","0","Introduction to Digital Data and Digital Editions ","0"
"46849","1.0","0.0","1.0","0.0","8","1","8","0","false","Korpuslinguistische Methoden und Werkzeuge","53.875","8","0","false","0","Korpuslinguistische Methoden und Werkzeuge","0"
"46858","1.0","0.0","1.0","0.0","2","1","2","0","false","EinfÃ¼hrung in die Multilinguale Textanalyse","90.0","2","0","false","0","EinfÃ¼hrung in die Multilinguale Textanalyse","0"
"46861","1.0","0.0","1.0","0.0","8","1","8","0","false","EinfÃ¼hrung in die Computerlinguistik I","54.5","8","0","false","0","EinfÃ¼hrung in die Computerlinguistik I","0"
"46870","1.0","0.0","1.0","0.0","6","1","6","0","false","HumanitÃ©s classiques et humanitÃ©s numÃ©riques","62.833333333333336","6","0","false","0","HumanitÃ©s classiques et humanitÃ©s numÃ©riques","0"
"46877","1.0","0.0","1.0","0.0","4","1","4","0","false","Master HumanitÃ©s numÃ©riques","59.5","4","0","false","0","Master HumanitÃ©s numÃ©riques","0"
"46882","1.0","0.0","1.0","0.0","9","1","9","0","false","Experto Profesional en EdiciÃ³n Digital AcadÃ©mic","71.0","9","0","false","0","Experto Profesional en EdiciÃ³n Digital AcadÃ©mic","0"
"46892","1.0","0.0","1.0","0.0","6","1","6","0","false","ANALISIS DE TEXTOS Y ESTILOMETRÃA USANDO R","84.5","6","0","false","0","ANALISIS DE TEXTOS Y ESTILOMETRÃA USANDO R","0"
"46899","1.0","0.0","1.0","0.0","2","1","2","0","false","IT and Cognition ","118.5","2","0","false","0","IT and Cognition ","0"
"46902","1.0","0.0","1.0","0.0","1","1","1","0","false","M.Sc. European Masters Program Language and Communication Technologies","126.0","1","0","false","0","M.Sc. European Masters Program Language and Communication Technologies","0"
"46904","1.0","0.0","1.0","0.0","2","1","2","0","false","Computational linguistics","115.0","2","0","false","0","Computational linguistics","0"
"46907","1.0","0.0","1.0","0.0","2","1","2","0","false","Applied Language Technology","118.5","2","0","false","0","Applied Language Technology","0"
"46910","1.0","0.0","1.0","0.0","1","1","1","0","false","Language and Communication","126.0","1","0","false","0","Language and Communication","0"
"46912","1.0","0.0","1.0","0.0","1","1","1","0","false","Linguistics and literary studies","104.0","1","0","false","0","Linguistics and literary studies","0"
"46914","1.0","0.0","1.0","0.0","2","1","2","0","false","Coding for Humanities","115.0","2","0","false","0","Coding for Humanities","0"
"46917","1.0","0.0","1.0","0.0","2","1","2","0","false","Language Technology Practical","115.0","2","0","false","0","Language Technology Practical","0"
"46920","1.0","0.0","1.0","0.0","1","1","1","0","false","Corpus Linguistics1","91.0","1","0","false","0","Corpus Linguistics1","0"
"46922","1.0","0.0","1.0","0.0","9","1","9","0","false","Sunoikisis Digital Classics","80.11111111111111","9","0","false","0","Sunoikisis Digital Classics","0"
"46932","1.0","0.0","1.0","0.0","3","1","3","0","false","Introduction to Digital Philology","86.0","3","0","false","0","Introduction to Digital Philology","0"
"46937","1.0","0.0","1.0","0.0","1","1","1","0","false","VO Introduction to Digital Humanities","45.0","1","0","false","0","VO Introduction to Digital Humanities","0"
"46939","1.0","0.0","1.0","0.0","1","1","1","0","false","LK Introduction to Digital Humanities","45.0","1","0","false","0","LK Introduction to Digital Humanities","0"
"46941","1.0","0.0","1.0","0.0","8","1","8","0","false","Master's Degree in Management and Preservation of Digital Records","64.875","8","0","false","0","Master's Degree in Management and Preservation of Digital Records","0"
"46950","1.0","0.0","1.0","0.0","6","1","6","0","false","Initiation in XML-TEI coding of heritage texts","78.0","6","0","false","0","Initiation in XML-TEI coding of heritage texts","0"
"46957","1.0","0.0","1.0","0.0","7","1","7","0","false","Bachelor of Arts Digital Philology","58.285714285714285","7","0","false","0","Bachelor of Arts Digital Philology","0"
"46965","1.0","0.0","1.0","0.0","17","1","17","0","false","Medieninformatik im Verbund mit Medienkulturwissenschaften  ","62.94117647058823","17","0","false","0","Medieninformatik im Verbund mit Medienkulturwissenschaften  ","0"
"46983","1.0","0.0","1.0","0.0","18","1","18","0","false","Medieninformatik im Verbund mit Medienkulturwissenschaften  1","62.22222222222222","18","0","false","0","Medieninformatik im Verbund mit Medienkulturwissenschaften  1","0"
"47002","1.0","0.0","1.0","0.0","8","1","8","0","false","IT Zertifikat der Phil. Fak","62.875","8","0","false","0","IT Zertifikat der Phil. Fak","0"
"47011","1.0","0.0","1.0","0.0","17","1","17","0","false","Mittelalterstudien mit mÃ¶glicher Schwerpunktdisziplin Digital Humanities (1 Fach/ 2 Fach)","62.94117647058823","17","0","false","0","Mittelalterstudien mit mÃ¶glicher Schwerpunktdisziplin Digital Humanities (1 Fach/ 2 Fach)","0"
"47029","1.0","0.0","1.0","0.0","16","1","16","0","false","Informationsverarbeitung (2 Fach)","59.0","16","0","false","0","Informationsverarbeitung (2 Fach)","0"
"47046","1.0","0.0","1.0","0.0","16","1","16","0","false","Informationsverarbeitung (1 Fach)","59.0","16","0","false","0","Informationsverarbeitung (1 Fach)","0"
"47063","1.0","0.0","1.0","0.0","27","1","27","0","false","Digital Humanities and Digital Knowledge (DHDK)","53.55555555555556","27","0","false","0","Digital Humanities and Digital Knowledge (DHDK)","0"
"47091","1.0","0.0","1.0","0.0","15","1","15","0","false","Specialisation in Digital Humanities in the Applied Computer Science M.Sc.","65.66666666666667","15","0","false","0","Specialisation in Digital Humanities in the Applied Computer Science M.Sc.","0"
"47107","1.0","0.0","1.0","0.0","11","1","11","0","false","Master of Science in Digital Humanities","68.9090909090909","11","0","false","0","Master of Science in Digital Humanities","0"
"47119","1.0","0.0","1.0","0.0","1","1","1","0","false","Digital Humanities Minor","104.0","1","0","false","0","Digital Humanities Minor","0"
"47121","1.0","0.0","1.0","0.0","11","1","11","0","false","Digital Humanities, interdisciplinary programme","63.27272727272727","11","0","false","0","Digital Humanities, interdisciplinary programme","0"
"47133","1.0","0.0","1.0","0.0","11","1","11","0","false","Masterstudium ""Digitale Geisteswissenschaften"" (Master Programme ""Digital Humanities"")","72.45454545454545","11","0","false","0","Masterstudium ""Digitale Geisteswissenschaften"" (Master Programme ""Digital Humanities"")","0"
"47145","1.0","0.0","1.0","0.0","2","1","2","0","false","Digital Culture and Society1","17.0","2","0","false","0","Digital Culture and Society1","0"
"47165","1.0","0.0","1.0","0.0","8","1","8","0","false","MA Digital Asset and Media Management (MA DAMM)","70.875","8","0","false","0","MA Digital Asset and Media Management (MA DAMM)","0"
"47170","0.0","0.0","0.0","0.0","9","0","9","9","false","Replication ","13.333333333333334","0","0","false","0","Replication ","0"
"47175","1.0","0.0","1.0","0.0","1","1","1","0","false","Topics in Natural Language Processing","42.0","1","0","false","0","Topics in Natural Language Processing","0"
"47177","1.0","0.0","1.0","0.0","1","1","1","0","false","Corpus Processing","45.0","1","0","false","0","Corpus Processing","0"
"47179","1.0","0.0","1.0","0.0","6","1","6","0","false","Literature, Translation, and New Technologies","63.833333333333336","6","0","false","0","Literature, Translation, and New Technologies","0"
"47186","1.0","0.0","1.0","0.0","1","1","1","0","false","PUBLIC AND DIGITAL HISTORY. LE NUOVE PROFESSIONI DELLO STORICO","26.0","1","0","false","0","PUBLIC AND DIGITAL HISTORY. LE NUOVE PROFESSIONI DELLO STORICO","0"
"47188","1.0","0.0","1.0","0.0","1","1","1","0","false","Internet Programming I - Javascript","18.0","1","0","false","0","Internet Programming I - Javascript","0"
"47190","1.0","0.0","1.0","0.0","5","1","5","0","false","Internet Programming II - Meteor.js","36.4","5","0","false","0","Internet Programming II - Meteor.js","0"
"47196","1.0","0.0","1.0","0.0","9","1","9","0","false","Digital Humanities in Practice","74.44444444444444","9","0","false","0","Digital Humanities in Practice","0"
"47206","1.0","0.0","1.0","0.0","9","1","9","0","false","Digitale Methodik in den Geistes- und Kulturwissenschaften","67.77777777777777","9","0","false","0","Digitale Methodik in den Geistes- und Kulturwissenschaften","0"
"47216","1.0","0.0","1.0","0.0","7","1","7","0","false","Laboratorio di informatica specialistica per Scienze dell'antichitÃ ","77.57142857142857","7","0","false","0","Laboratorio di informatica specialistica per Scienze dell'antichitÃ ","0"
"47225","1.0","0.0","1.0","0.0","1","1","1","0","false","Informatica Umanistica - Digital Humanities","126.0","1","0","false","0","Informatica Umanistica - Digital Humanities","0"
"47227","1.0","0.0","1.0","0.0","1","1","1","0","false","Informatica Umanistica - Digital Humanities1","126.0","1","0","false","0","Informatica Umanistica - Digital Humanities1","0"
"47229","1.0","0.0","1.0","0.0","16","1","16","0","false","Digitale Geistes- und Sozialwissenschaften","64.6875","16","0","false","0","Digitale Geistes- und Sozialwissenschaften","0"
"47246","1.0","0.0","1.0","0.0","1","1","1","0","false","Digital Humanities at Oxford Summer School","126.0","1","0","false","0","Digital Humanities at Oxford Summer School","0"
"47248","1.0","0.0","1.0","0.0","1","1","1","0","false","Culture & Technology - The European Summer University in Digital Humanities","111.0","1","0","false","0","Culture & Technology - The European Summer University in Digital Humanities","0"
"47250","1.0","0.0","1.0","0.0","3","1","3","0","false","Summer School on Digital Art History: Data-Driven Analysis and Digital Narratives","53.666666666666664","3","0","false","0","Summer School on Digital Art History: Data-Driven Analysis and Digital Narratives","0"
"47254","1.0","0.0","1.0","0.0","3","1","3","0","false","BA in Digital Humanities and Information Technology","70.33333333333333","3","0","false","0","BA in Digital Humanities and Information Technology","0"
"47258","1.0","0.0","1.0","0.0","1","1","1","0","false","MA in Digital Arts and Humanities","32.0","1","0","false","0","MA in Digital Arts and Humanities","0"
"47260","1.0","0.0","1.0","0.0","1","1","1","0","false","MA in Digital Cultures","26.0","1","0","false","0","MA in Digital Cultures","0"
"47262","1.0","0.0","1.0","0.0","1","1","1","0","false","PhD in Digital Arts and Humanities","50.0","1","0","false","0","PhD in Digital Arts and Humanities","0"
"47264","1.0","0.0","1.0","0.0","11","1","11","0","false","Master of Arts (MA) in Digital Humanities","71.27272727272727","11","0","false","0","Master of Arts (MA) in Digital Humanities","0"
"47276","1.0","0.0","1.0","0.0","4","1","4","0","false","ACDH Tool Gallery","77.5","4","0","false","0","ACDH Tool Gallery","0"
"47281","1.0","0.0","1.0","0.0","1","1","1","0","false","International Summer School in Translation Technology","26.0","1","0","false","0","International Summer School in Translation Technology","0"
"47283","1.0","0.0","1.0","0.0","1","1","1","0","false","Master in Indicizzazione di documenti cartacei, multimediali ed elettronici in ambiente digitale","42.0","1","0","false","0","Master in Indicizzazione di documenti cartacei, multimediali ed elettronici in ambiente digitale","0"
"47285","1.0","0.0","1.0","0.0","1","1","1","0","false","Corso di laurea in Lingue nella societÃ  dellâ€™informazione","45.0","1","0","false","0","Corso di laurea in Lingue nella societÃ  dellâ€™informazione","0"
"47287","1.0","0.0","1.0","0.0","1","1","1","0","false","Master in Informatica del Testo ed Edizione Elettronica","45.0","1","0","false","0","Master in Informatica del Testo ed Edizione Elettronica","0"
"47289","1.0","0.0","1.0","0.0","1","1","1","0","false","Informatica umanistica","45.0","1","0","false","0","Informatica umanistica","0"
"47291","1.0","0.0","1.0","0.0","5","1","5","0","false","Informatica umanistica1","84.25","5","1","false","0","Informatica umanistica1","0"
"47293","1.0","0.0","1.0","0.0","1","1","1","0","false","Humanistic informatics laboratory","45.0","1","0","false","0","Humanistic informatics laboratory","0"
"47295","1.0","0.0","1.0","0.0","1","1","1","0","false","Corso di Laurea in Linguaggi Multimediali e Informatica Umanistica","45.0","1","0","false","0","Corso di Laurea in Linguaggi Multimediali e Informatica Umanistica","0"
"47303","1.0","0.0","1.0","0.0","16","1","16","0","false","#excavationâ€”Digital Methods and Applications at Excavations","60.75","16","0","false","0","#excavationâ€”Digital Methods and Applications at Excavations","0"
"47320","1.0","0.0","1.0","0.0","3","1","3","0","false","Digital History ","78.33333333333333","3","0","false","0","Digital History ","0"
"47324","1.0","0.0","1.0","0.0","3","1","3","0","false","Introduction to Digital Humanities","85.33333333333333","3","0","false","0","Introduction to Digital Humanities","0"
"47328","1.0","0.0","1.0","0.0","6","1","6","0","false","Digital Collection Management (low-residency certified program)","71.5","6","0","false","0","Digital Collection Management (low-residency certified program)","0"
"47335","1.0","0.0","1.0","0.0","4","1","4","0","false","DigitÃ¡lis bÃ¶lcsÃ©szet","65.75","4","0","false","0","DigitÃ¡lis bÃ¶lcsÃ©szet","0"
"47340","1.0","0.0","1.0","0.0","12","1","12","0","false","MA in Digital Humanities","77.33333333333333","12","0","false","0","MA in Digital Humanities","0"
"47353","1.0","0.0","1.0","0.0","4","1","4","0","false","Textanalyse mit R","54.0","4","0","false","0","Textanalyse mit R","0"
"47358","1.0","0.0","1.0","0.0","5","1","5","0","false","DigitalizaciÃ³n del Patrimonio","58.8","5","0","false","0","DigitalizaciÃ³n del Patrimonio","0"
"47364","1.0","0.0","1.0","0.0","6","1","6","0","false","Digital Humanities: How to Read a Million Books?","68.33333333333333","6","0","false","0","Digital Humanities: How to Read a Million Books?","0"
"47371","1.0","0.0","1.0","0.0","1","1","1","0","false","Programming for Digital Humanities","42.0","1","0","false","0","Programming for Digital Humanities","0"
"47373","1.0","0.0","1.0","0.0","1","1","1","0","false","Humanities in the Digital Age: Introduction to Digital Humanities","104.0","1","0","false","0","Humanities in the Digital Age: Introduction to Digital Humanities","0"
"47375","1.0","0.0","1.0","0.0","4","1","4","0","false","Corpus Linguistics and Statistical Methods","58.25","4","0","false","0","Corpus Linguistics and Statistical Methods","0"
"47380","1.0","0.0","1.0","0.0","3","1","3","0","false","Informatique et lexicographie","82.33333333333333","3","0","false","0","Informatique et lexicographie","0"
"47384","1.0","0.0","1.0","0.0","1","1","1","0","false","Scholarly Digital Editions","111.0","1","0","false","0","Scholarly Digital Editions","0"
"47386","1.0","0.0","1.0","0.0","4","1","4","0","false","InformÃ¡tica Aplicada Ã  HistÃ³ria","92.25","4","0","false","0","InformÃ¡tica Aplicada Ã  HistÃ³ria","0"
"47391","1.0","0.0","1.0","0.0","6","1","6","0","false","Digital collection development","60.166666666666664","6","0","false","0","Digital collection development","0"
"47398","1.0","0.0","1.0","0.0","4","1","4","0","false","Les Ã©critures numÃ©riques de l'histoire","53.5","4","0","false","0","Les Ã©critures numÃ©riques de l'histoire","0"
"47403","1.0","0.0","1.0","0.0","5","1","5","0","false","Digital History: What? Why? How?  ","81.8","5","0","false","0","Digital History: What? Why? How?  ","0"
"47409","1.0","0.0","1.0","0.0","6","1","6","0","false","MA Linguistic Diversity in the Digital Age","58.666666666666664","6","0","false","0","MA Linguistic Diversity in the Digital Age","0"
"47416","1.0","0.0","1.0","0.0","7","1","7","0","false","Doktoratsstudium ""Digitale Geisteswissenschaften"" (Doctoral programme ""Digital Humanities"")","82.71428571428571","7","0","false","0","Doktoratsstudium ""Digitale Geisteswissenschaften"" (Doctoral programme ""Digital Humanities"")","0"
"47424","1.0","0.0","1.0","0.0","5","1","5","0","false","Museology, Museum Education, Cultural Management and New Technologies","57.8","5","0","false","0","Museology, Museum Education, Cultural Management and New Technologies","0"
"47430","1.0","0.0","1.0","0.0","8","1","8","0","false","Heritage Visualisation","64.75","8","0","false","0","Heritage Visualisation","0"
"47439","1.0","0.0","1.0","0.0","3","1","3","0","false","Music, Communication and Technology","83.66666666666667","3","0","false","0","Music, Communication and Technology","0"
"47443","1.0","0.0","1.0","0.0","11","1","11","0","false","Konzeption und Analyse eines Korpus zur Klassischen Moderne. Eine EinfÃ¼hrung","78.54545454545455","11","0","false","0","Konzeption und Analyse eines Korpus zur Klassischen Moderne. Eine EinfÃ¼hrung","0"
"47455","1.0","0.0","1.0","0.0","5","1","5","0","false","Edirom Summer School","59.6","5","0","false","0","Edirom Summer School","0"
"47461","1.0","0.0","1.0","0.0","8","1","8","0","false","Digital History: Methoden und ihre Anwendung fÃ¼r die Geschichte des SpÃ¤tmittelalters und der FrÃ¼hen Neuzeit","73.25","8","0","false","0","Digital History: Methoden und ihre Anwendung fÃ¼r die Geschichte des SpÃ¤tmittelalters und der FrÃ¼hen Neuzeit","0"
"47470","1.0","0.0","1.0","0.0","16","1","16","0","false","Master Digital and computational humanities","59.1875","16","0","false","0","Master Digital and computational humanities","0"
"47487","1.0","0.0","1.0","0.0","8","1","8","0","false","Editorik historischer Quellen","70.625","8","0","false","0","Editorik historischer Quellen","0"
"47496","1.0","0.0","1.0","0.0","4","1","4","0","false","New Media and Society","66.25","4","0","false","0","New Media and Society","0"
"47501","1.0","0.0","1.0","0.0","4","1","4","0","false","Hacking the Humanities: An Introduction to Digital Humanities and Text Mining","96.5","4","0","false","0","Hacking the Humanities: An Introduction to Digital Humanities and Text Mining","0"
"47506","1.0","0.0","1.0","0.0","1","1","1","0","false","Data Visualization and the Humanities","126.0","1","0","false","0","Data Visualization and the Humanities","0"
"47508","1.0","0.0","1.0","0.0","2","1","2","0","false","Digital Approaches to Historical Inquiry","78.0","2","0","false","0","Digital Approaches to Historical Inquiry","0"
"47511","1.0","0.0","1.0","0.0","3","1","3","0","false","Digital Detectives: Detective Literature Under a Digital Macroscope","86.66666666666667","3","0","false","0","Digital Detectives: Detective Literature Under a Digital Macroscope","0"
"47515","1.0","0.0","1.0","0.0","3","1","3","0","false","Special Topics in Digital Humanities","86.66666666666667","3","0","false","0","Special Topics in Digital Humanities","0"
"47519","1.0","0.0","1.0","0.0","6","1","6","0","false","Master in Digital Humanities","69.0","6","0","false","0","Master in Digital Humanities","0"
"47526","1.0","0.0","1.0","0.0","6","1","6","0","false","FakultÃ¤tsweites Basismodul: Digitale Geisteswissenschaften (Introduction to Digital Humanities)","84.0","6","0","false","0","FakultÃ¤tsweites Basismodul: Digitale Geisteswissenschaften (Introduction to Digital Humanities)","0"
"47533","1.0","0.0","1.0","0.0","2","1","2","0","false","Humanities in a Digital Age","93.0","2","0","false","0","Humanities in a Digital Age","0"
"47536","1.0","0.0","1.0","0.0","9","1","9","0","false","Analyse littÃ©raire et linguistique assistÃ©e par ordinateur","60.666666666666664","9","0","false","0","Analyse littÃ©raire et linguistique assistÃ©e par ordinateur","0"
"47546","1.0","0.0","1.0","0.0","3","1","3","0","false","Computational Arts and Humanities","76.0","3","0","false","0","Computational Arts and Humanities","0"
"47550","1.0","0.0","1.0","0.0","4","1","4","0","false","Statistics in R for Linguists","52.5","4","0","false","0","Statistics in R for Linguists","0"
"47555","1.0","0.0","1.0","0.0","4","1","4","0","false","Text and language processing","98.25","4","0","false","0","Text and language processing","0"
"47560","1.0","0.0","1.0","0.0","7","1","7","0","false","Natural Language Processing for Historical Texts","81.42857142857143","7","0","false","0","Natural Language Processing for Historical Texts","0"
"47568","1.0","0.0","1.0","0.0","6","1","6","0","false","Digital Humanities - Sprachwissenschaften","73.83333333333333","6","0","false","0","Digital Humanities - Sprachwissenschaften","0"
"47575","1.0","0.0","1.0","0.0","10","1","10","0","false","Computational Arts and Sociocultural Studies","79.9","10","0","false","0","Computational Arts and Sociocultural Studies","0"
"47586","1.0","0.0","1.0","0.0","26","1","26","0","false","Introduction to Digital Humanities1","75.88888888888889","26","7","false","0","Introduction to Digital Humanities1","0"
"47597","1.0","0.0","1.0","0.0","10","1","10","0","false","Digitale Edition von Briefen und Manuskripten: Transkription, Annotation, Vernetzung am Beispiel der Sammlung â€žDaniel Sandersâ€œ","58.2","10","0","false","0","Digitale Edition von Briefen und Manuskripten: Transkription, Annotation, Vernetzung am Beispiel der Sammlung â€žDaniel Sandersâ€œ","0"
"47608","1.0","0.0","1.0","0.0","6","1","6","0","false","Digital Humanities: Concepts and Approaches","78.0","6","0","false","0","Digital Humanities: Concepts and Approaches","0"
"47615","1.0","0.0","1.0","0.0","4","1","4","0","false","Introduction to Computational Linguistics","48.25","4","0","false","0","Introduction to Computational Linguistics","0"
"47620","1.0","0.0","1.0","0.0","11","1","11","0","false","MA/MSc Digital Humanities","72.0909090909091","11","0","false","0","MA/MSc Digital Humanities","0"
"47632","1.0","0.0","1.0","0.0","5","1","5","0","false","Digital Humanities Tools: Resources and Case Studies","72.6","5","0","false","0","Digital Humanities Tools: Resources and Case Studies","0"
"47642","1.0","0.0","1.0","0.0","5","1","5","0","false","HUMN 100-01 The Humanities Now!","70.0","5","0","false","0","HUMN 100-01 The Humanities Now!","0"
"47648","1.0","0.0","1.0","0.0","11","1","11","0","false","Minor in Digital Humanities","64.54545454545455","11","0","false","0","Minor in Digital Humanities","0"
"47660","1.0","0.0","1.0","0.0","2","1","2","0","false","HUMN 272 Data Visualization for DH","59.5","2","0","false","0","HUMN 272 Data Visualization for DH","0"
"47663","1.0","0.0","1.0","0.0","11","1","11","0","false","Minor in Digital Humanities1","64.54545454545455","11","0","false","0","Minor in Digital Humanities1","0"
"47675","1.0","0.0","1.0","0.0","10","1","10","0","false","Introduction in Bioarcheology ","66.3","10","0","false","0","Introduction in Bioarcheology ","0"
"47686","1.0","0.0","1.0","0.0","8","1","8","0","false","Instructional Excavation: Molino San Vincenzo","57.375","8","0","false","0","Instructional Excavation: Molino San Vincenzo","0"
"47695","1.0","0.0","1.0","0.0","2","1","2","0","false","IngÃ©nierie documentaire","74.0","2","0","false","0","IngÃ©nierie documentaire","0"
"47698","1.0","0.0","1.0","0.0","1","1","1","0","false","Introduction Ã  la pensÃ©e computationnelle","45.0","1","0","false","0","Introduction Ã  la pensÃ©e computationnelle","0"
"47700","1.0","0.0","1.0","0.0","1","1","1","0","false","Les humanitÃ©s numÃ©riques â€“ origines, dÃ©finitions, dÃ©veloppements","45.0","1","0","false","0","Les humanitÃ©s numÃ©riques â€“ origines, dÃ©finitions, dÃ©veloppements","0"
"47702","1.0","0.0","1.0","0.0","5","1","5","0","false","Computational Arts and Humanities1","61.0","5","0","false","0","Computational Arts and Humanities1","0"
"47708","1.0","0.0","1.0","0.0","9","1","9","0","false","Digital Humanities: Coding and Digital Archives","61.44444444444444","9","0","false","0","Digital Humanities: Coding and Digital Archives","0"
"47718","1.0","0.0","1.0","0.0","15","1","15","0","false","Digital Humanities: Coding and Data Visualization","65.73333333333333","15","0","false","0","Digital Humanities: Coding and Data Visualization","0"
"47734","1.0","0.0","1.0","0.0","30","1","30","0","false","Digital Studies Certificate Program","48.7","30","0","false","0","Digital Studies Certificate Program","0"
"47765","1.0","0.0","1.0","0.0","4","1","4","0","false","Korpuslingvistiikka ja tilastolliset menetelmÃ¤t (Corpus Linguistics and Statistical Methods)","58.25","4","0","false","0","Korpuslingvistiikka ja tilastolliset menetelmÃ¤t (Corpus Linguistics and Statistical Methods)","0"
"47770","1.0","0.0","1.0","0.0","7","1","7","0","false","Digital Landscape and Settlement Archaeology in Ancient Rome","67.0","7","0","false","0","Digital Landscape and Settlement Archaeology in Ancient Rome","0"
"47780","1.0","0.0","1.0","0.0","2","1","2","0","false","Digitala Humaniora","68.0","2","0","false","0","Digitala Humaniora","0"
"47783","1.0","0.0","1.0","0.0","4","1","4","0","false","Language Technology study module","92.75","4","0","false","0","Language Technology study module","0"
"47792","1.0","0.0","1.0","0.0","6","1","6","0","false","Skills in Transnational History MO5161","71.83333333333333","6","0","false","0","Skills in Transnational History MO5161","0"
"47799","1.0","0.0","1.0","0.0","20","1","20","0","false","M.Sc. Program in Natural Language Processing (NLP)","56.3","20","0","false","0","M.Sc. Program in Natural Language Processing (NLP)","0"
"47820","1.0","0.0","1.0","0.0","26","1","26","0","false","MA in Digital Art History/Computational Media","48.38461538461539","26","0","false","0","MA in Digital Art History/Computational Media","0"
"47847","1.0","0.0","1.0","0.0","1","1","1","0","false","Public and Digital History","75.0","1","0","false","0","Public and Digital History","0"
"47849","1.0","0.0","1.0","0.0","8","1","8","0","false","PhD in Digital Humanities1","77.0","8","0","false","0","PhD in Digital Humanities1","0"
"47858","1.0","0.0","1.0","0.0","7","1","7","0","false","Diploma / Certificate in Digital Humanities","86.28571428571429","7","0","false","0","Diploma / Certificate in Digital Humanities","0"
"47866","1.0","0.0","1.0","0.0","9","1","9","0","false","MRes in Information Studies: Digital Humanities","73.77777777777777","9","0","false","0","MRes in Information Studies: Digital Humanities","0"
"47876","1.0","0.0","1.0","0.0","2","1","2","0","false","Traitement et analyse de l'information spatialisÃ©e","65.5","2","0","false","0","Traitement et analyse de l'information spatialisÃ©e","0"
"47879","1.0","0.0","1.0","0.0","5","1","5","0","false","Master HumanitÃ©s numÃ©riques1","94.6","5","0","false","0","Master HumanitÃ©s numÃ©riques1","0"
"47885","1.0","0.0","1.0","0.0","12","1","12","0","false","Master ""Technologies des Langues""","61.75","12","0","false","0","Master ""Technologies des Langues""","0"
"47898","1.0","0.0","1.0","0.0","11","1","11","0","false","Mention HumanitÃ©s numÃ©riques","62.72727272727273","11","0","false","0","Mention HumanitÃ©s numÃ©riques","0"
"47910","1.0","0.0","1.0","0.0","5","1","5","0","false","Double licence Lettres â€“ Informatique","89.4","5","0","false","0","Double licence Lettres â€“ Informatique","0"
"47916","1.0","0.0","1.0","0.0","1","1","1","0","false","Introduction aux HumanitÃ©s NumÃ©riques ","111.0","1","0","false","0","Introduction aux HumanitÃ©s NumÃ©riques ","0"
"47918","1.0","0.0","1.0","0.0","1","1","1","0","false","Introduction Ã  la Traduction Automatique","12.0","1","0","false","0","Introduction Ã  la Traduction Automatique","0"
"47920","1.0","0.0","1.0","0.0","1","1","1","0","false","Pratiques numÃ©riques dans l'enseignement en France et en Allemagne","32.0","1","0","false","0","Pratiques numÃ©riques dans l'enseignement en France et en Allemagne","0"
"47922","1.0","0.0","1.0","0.0","1","1","1","0","false","Urheberrecht im europÃ¤ischen digitalen Raum","91.0","1","0","false","0","Urheberrecht im europÃ¤ischen digitalen Raum","0"
"47924","1.0","0.0","1.0","0.0","1","1","1","0","false","Comprendre et utiliser les bases de donnÃ©es","111.0","1","0","false","0","Comprendre et utiliser les bases de donnÃ©es","0"
"47929","1.0","0.0","1.0","0.0","4","1","4","0","false","Laboratorio di Informatica per Umanisti (Computing for the Humanities)","95.75","4","0","false","0","Laboratorio di Informatica per Umanisti (Computing for the Humanities)","0"
"47934","1.0","0.0","1.0","0.0","15","1","15","0","false","Summer School of Computational Humanities","61.93333333333333","15","0","false","0","Summer School of Computational Humanities","0"
"47950","1.0","0.0","1.0","0.0","8","1","8","0","false","Digital Humanities Across Borders","62.625","8","0","false","0","Digital Humanities Across Borders","0"
"47959","1.0","0.0","1.0","0.0","2","1","2","0","false","Mapping the Grand Tour: Digital Methods for Historical Data","76.0","2","0","false","0","Mapping the Grand Tour: Digital Methods for Historical Data","0"
"47962","1.0","0.0","1.0","0.0","3","1","3","0","false","Medieval Manuscripts, Digital Methodologies","90.66666666666667","3","0","false","0","Medieval Manuscripts, Digital Methodologies","0"
"47966","1.0","0.0","1.0","0.0","5","1","5","0","false","Literary Text Mining","63.2","5","0","false","0","Literary Text Mining","0"
"47972","1.0","0.0","1.0","0.0","12","1","12","0","false","Master Programme in Digital Humanities","69.91666666666667","12","0","false","0","Master Programme in Digital Humanities","0"
"47985","1.0","0.0","1.0","0.0","5","1","5","0","false","Digital Humanities Minor1","90.6","5","0","false","0","Digital Humanities Minor1","0"
"47991","1.0","0.0","1.0","0.0","10","1","10","0","false","Master in Digital Humanities1","62.3","10","0","false","0","Master in Digital Humanities1","0"
"48002","1.0","0.0","1.0","0.0","2","1","2","0","false","Mineure ""HumanitÃ©s numÃ©riques""","81.5","2","0","false","0","Mineure ""HumanitÃ©s numÃ©riques""","0"
"48005","1.0","0.0","1.0","0.0","12","1","12","0","false","MA in Digital Humanities1","64.83333333333333","12","0","false","0","MA in Digital Humanities1","0"
"48018","1.0","0.0","1.0","0.0","10","1","10","0","false","MÃ¡ster de Humanidades Digitales","78.9","10","0","false","0","MÃ¡ster de Humanidades Digitales","0"
"48029","1.0","0.0","1.0","0.0","15","1","15","0","false","NetLab/DIGHUMLAB PhD Workshop in Web Archiving - January 2020","55.266666666666666","15","0","false","0","NetLab/DIGHUMLAB PhD Workshop in Web Archiving - January 2020","0"
"48045","1.0","0.0","1.0","0.0","2","1","2","0","false","Digital Literary Studies","65.5","2","0","false","0","Digital Literary Studies","0"
"48069","1.0","0.0","1.0","0.0","8","1","8","0","false","Master  Letras Digitales","75.375","8","0","false","0","Master  Letras Digitales","0"
"48078","1.0","0.0","1.0","0.0","8","1","8","0","false","Language Analysis and Processing","60.0","8","0","false","0","Language Analysis and Processing","0"
"48087","1.0","0.0","1.0","0.0","4","1","4","0","false","Culture, Communication and Media Studies","71.5","4","0","false","0","Culture, Communication and Media Studies","0"
"48095","1.0","0.0","1.0","0.0","5","1","5","0","false","Mention Lettres parcours Ã‰dition NumÃ©rique et ImprimÃ©e de Textes LittÃ©raires (Ã‰dNITL)","59.8","5","0","false","0","Mention Lettres parcours Ã‰dition NumÃ©rique et ImprimÃ©e de Textes LittÃ©raires (Ã‰dNITL)","0"
"48101","1.0","0.0","1.0","0.0","5","1","5","0","false","Mention Sciences du Langage parcours Lexicographie, Terminographie et Traitement Automatique des Corpus (LTTAC)","73.0","5","0","false","0","Mention Sciences du Langage parcours Lexicographie, Terminographie et Traitement Automatique des Corpus (LTTAC)","0"
"48107","1.0","0.0","1.0","0.0","1","1","1","0","false","VILA/DIGHUMLAB Online Course in Transcription Software","111.0","1","0","false","0","VILA/DIGHUMLAB Online Course in Transcription Software","0"
"48109","1.0","0.0","1.0","0.0","1","1","1","0","false","VILA/DIGHUMLAB Online Course in Collecting Audiovisual Data","111.0","1","0","false","0","VILA/DIGHUMLAB Online Course in Collecting Audiovisual Data","0"
"48111","1.0","0.0","1.0","0.0","1","1","1","0","false","VILA/DIGHUMLAB Online Course in Editing Video","111.0","1","0","false","0","VILA/DIGHUMLAB Online Course in Editing Video","0"
"48119","1.0","0.0","1.0","0.0","7","1","7","0","false","Digital Public History","76.42857142857143","7","0","false","0","Digital Public History","0"
"48127","1.0","0.0","1.0","0.0","4","1","4","0","false","Teaching and Learning History in the Digital Age","86.75","4","0","false","0","Teaching and Learning History in the Digital Age","0"
"48132","1.0","0.0","1.0","0.0","8","1","8","0","false","Digital Public Humanities (Graduate Certificate)","73.875","8","0","false","0","Digital Public Humanities (Graduate Certificate)","0"
"48141","1.0","0.0","1.0","0.0","1","1","1","0","false","VILA/DIGHUMLAB Online Course in Basic Transcription","111.0","1","0","false","0","VILA/DIGHUMLAB Online Course in Basic Transcription","0"
"48143","1.0","0.0","1.0","0.0","4","1","4","0","false","Puheen analyysin perusteet (Introduction to Speech Analysis)","47.0","4","0","false","0","Puheen analyysin perusteet (Introduction to Speech Analysis)","0"
"48148","1.0","0.0","1.0","0.0","16","1","16","0","false","Data Clinic (Aineistoklinikka)","54.6875","16","0","false","0","Data Clinic (Aineistoklinikka)","0"
"48165","1.0","0.0","1.0","0.0","3","1","3","0","false","Digital Methods in Linguistics","62.666666666666664","3","0","false","0","Digital Methods in Linguistics","0"
"48171","1.0","0.0","1.0","0.0","3","1","3","0","false","Processing and Analyzing Textual Data in the Humanities","71.0","3","0","false","0","Processing and Analyzing Textual Data in the Humanities","0"
"48175","1.0","0.0","1.0","0.0","2","1","2","0","false","Introduction to R and Data Structures","115.0","2","0","false","0","Introduction to R and Data Structures","0"
"48178","1.0","0.0","1.0","0.0","3","1","3","0","false","Databases of History","55.333333333333336","3","0","false","0","Databases of History","0"
"48182","1.0","0.0","1.0","0.0","1","1","1","0","false","Applying GIS in the Humanities","77.0","1","0","false","0","Applying GIS in the Humanities","0"
"48184","1.0","0.0","1.0","0.0","2","1","2","0","false","Basics of Quantitative Data Analysis for the Humanities with R","50.0","2","0","false","0","Basics of Quantitative Data Analysis for the Humanities with R","0"
"48187","1.0","0.0","1.0","0.0","1","1","1","0","false","Seminar of Digital Humanities","45.0","1","0","false","0","Seminar of Digital Humanities","0"
"48189","1.0","0.0","1.0","0.0","1","1","1","0","false","From Paper to Computer","111.0","1","0","false","0","From Paper to Computer","0"
"48191","1.0","0.0","1.0","0.0","2","1","2","0","false","Computer Graphics in Photoshop","51.0","2","0","false","0","Computer Graphics in Photoshop","0"
"48194","1.0","0.0","1.0","0.0","1","1","1","0","false","Practice of Digital Humanities","45.0","1","0","false","0","Practice of Digital Humanities","0"
"48196","1.0","0.0","1.0","0.0","5","1","5","0","false","Processing Estonian Language in Python","52.6","5","0","false","0","Processing Estonian Language in Python","0"
"48202","1.0","0.0","1.0","0.0","1","1","1","0","false","Graphic Design and Vector Graphics","37.0","1","0","false","0","Graphic Design and Vector Graphics","0"
"48204","1.0","0.0","1.0","0.0","2","1","2","0","false","Computer Graphics and 3D Graphics","51.0","2","0","false","0","Computer Graphics and 3D Graphics","0"
"48207","1.0","0.0","1.0","0.0","1","1","1","0","false","Basics of Digital Painting","9.0","1","0","false","0","Basics of Digital Painting","0"
"48209","1.0","0.0","1.0","0.0","1","1","1","0","false","Digital Photography","37.0","1","0","false","0","Digital Photography","0"
"48211","1.0","0.0","1.0","0.0","3","1","3","0","false","Analyzing Text Corpora","59.333333333333336","3","0","false","0","Analyzing Text Corpora","0"
"48215","1.0","0.0","1.0","0.0","6","1","6","0","false","Geomatic Engineering for Cultural Heritage","52.166666666666664","6","0","false","0","Geomatic Engineering for Cultural Heritage","0"
"48222","1.0","0.0","1.0","0.0","1","1","1","0","false","VILA/DIGHUMLAB Online Course in 360Â° Camera: Use and Data","111.0","1","0","false","0","VILA/DIGHUMLAB Online Course in 360Â° Camera: Use and Data","0"
"48224","1.0","0.0","1.0","0.0","1","1","1","0","false","VILA/DIGHUMLAB Online Course in ELAN","111.0","1","0","false","0","VILA/DIGHUMLAB Online Course in ELAN","0"
"48226","1.0","0.0","1.0","0.0","1","1","1","0","false","VILA/DIGHUMLAB Online Course in Transana","111.0","1","0","false","0","VILA/DIGHUMLAB Online Course in Transana","0"
"48228","1.0","0.0","1.0","0.0","6","1","6","0","false","BALADRIA Summer School in Digital Humanities","80.33333333333333","6","0","false","0","BALADRIA Summer School in Digital Humanities","0"
"48235","1.0","0.0","1.0","0.0","6","1","6","0","false","BALADRIA Summer School in Digital Humanities1","80.33333333333333","6","0","false","0","BALADRIA Summer School in Digital Humanities1","0"
"48242","1.0","0.0","1.0","0.0","1","1","1","0","false","ModÃ©lisation de donnÃ©es historiques","91.0","1","0","false","0","ModÃ©lisation de donnÃ©es historiques","0"
"48244","1.0","0.0","1.0","0.0","3","1","3","0","false","Programmation et exploitation du web pour historien","49.333333333333336","3","0","false","0","Programmation et exploitation du web pour historien","0"
"48248","1.0","0.0","1.0","0.0","1","1","1","0","false","Master Â« Patrimoine et musÃ©es Â», parcours Â« MÃ©diation culturelle, patrimoine et numÃ©rique Â»","126.0","1","0","false","0","Master Â« Patrimoine et musÃ©es Â», parcours Â« MÃ©diation culturelle, patrimoine et numÃ©rique Â»","0"
"48250","1.0","0.0","1.0","0.0","7","1","7","0","false","Master sciences du langage parcours HumanitÃ©s numÃ©riques : linguistique et informatique","61.0","7","0","false","0","Master sciences du langage parcours HumanitÃ©s numÃ©riques : linguistique et informatique","0"
"48258","1.0","0.0","1.0","0.0","15","1","15","0","false","Masters in Digital Humanities and Public Culture","60.93333333333333","15","0","false","0","Masters in Digital Humanities and Public Culture","0"
"48274","1.0","0.0","1.0","0.0","17","1","17","0","false","Digital Humanities Major","60.588235294117645","17","0","false","0","Digital Humanities Major","0"
"48292","1.0","0.0","1.0","0.0","18","1","18","0","false","PhD - Digital Humanities","60.611111111111114","18","0","false","0","PhD - Digital Humanities","0"
"48311","1.0","0.0","1.0","0.0","11","1","11","0","false","Digital Humanities Research Methods","75.0909090909091","11","0","false","0","Digital Humanities Research Methods","0"
"48342","1.0","0.0","1.0","0.0","2","1","2","0","false","MSc Digital Heritage","84.0","2","0","false","0","MSc Digital Heritage","0"
"48345","1.0","0.0","1.0","0.0","4","1","4","0","false","MSc Digital Archaeology","84.5","4","0","false","0","MSc Digital Archaeology","0"
"48350","1.0","0.0","1.0","0.0","1","1","1","0","false","Project Management and Ethical Collaboration for Humanists","45.0","1","0","false","0","Project Management and Ethical Collaboration for Humanists","0"
"48352","1.0","0.0","1.0","0.0","24","1","24","0","false","MÃ¡ster Universitario en Humanidades Digitales","56.083333333333336","24","0","false","0","MÃ¡ster Universitario en Humanidades Digitales","0"
"48377","1.0","0.0","1.0","0.0","9","1","9","0","false","INPACT - Engineering and Digital for Heritage, Art and Culture","66.55555555555556","9","0","false","0","INPACT - Engineering and Digital for Heritage, Art and Culture","0"
"48387","1.0","0.0","1.0","0.0","18","1","18","0","false","Media and Information","50.833333333333336","18","0","false","0","Media and Information","0"
"48406","1.0","0.0","1.0","0.0","9","1","9","0","false","Archival and Information Studies (Media Studies)","51.333333333333336","9","0","false","0","Archival and Information Studies (Media Studies)","0"
"48416","1.0","0.0","1.0","0.0","12","1","12","0","false","Artificial Intelligence1","55.416666666666664","12","0","false","0","Artificial Intelligence1","0"
"48429","1.0","0.0","1.0","0.0","3","1","3","0","false","Kunstmatige intelligentie1","73.33333333333333","3","0","false","0","Kunstmatige intelligentie1","0"
"48433","1.0","0.0","1.0","0.0","12","1","12","0","false","Logic","55.083333333333336","12","0","false","0","Logic","0"
"48446","1.0","0.0","1.0","0.0","13","1","13","0","false","PhD in Humanities and Technologies","54.69230769230769","13","0","false","0","PhD in Humanities and Technologies","0"
"48460","1.0","0.0","1.0","0.0","12","1","12","0","false","Digital History Methods and Practice","56.75","12","0","false","0","Digital History Methods and Practice","0"
"48473","1.0","0.0","1.0","0.0","7","1","7","0","false","History and the digital","54.714285714285715","7","0","false","0","History and the digital","0"
"48481","1.0","0.0","1.0","0.0","3","1","3","0","false","Virtual Course: Explore the Digital Humanities","65.66666666666667","3","0","false","0","Virtual Course: Explore the Digital Humanities","0"
"48485","1.0","0.0","1.0","0.0","5","1","5","0","false","Course Explore the Digital Humanities","72.0","5","0","false","0","Course Explore the Digital Humanities","0"
"48491","1.0","0.0","1.0","0.0","4","1","4","0","false","Introduction in Digital Humanities","64.0","4","0","false","0","Introduction in Digital Humanities","0"
"48496","1.0","0.0","1.0","0.0","9","1","9","0","false","Digital Scholarship and Skills Workshop Series","79.33333333333333","9","0","false","0","Digital Scholarship and Skills Workshop Series","0"
